epoch,step,train_loss_epoch,train_loss_step
0,0,,0.6119954586029053
0,0,0.6119954586029053,
