epoch,step,train/loss_box_reg_epoch,train/loss_box_reg_step,train/loss_classifier_epoch,train/loss_classifier_step,train/loss_mask_epoch,train/loss_mask_step,train/loss_objectness_epoch,train/loss_objectness_step,train/loss_rpn_box_reg_epoch,train/loss_rpn_box_reg_step,train/total_loss_epoch,train/total_loss_step
0,0,,0.04574193060398102,,0.6420918107032776,,3.668213129043579,,0.010316307656466961,,0.35063648223876953,,4.716999530792236
0,0,0.04574193060398102,,0.6420918107032776,,3.668213129043579,,0.010316307656466961,,0.35063648223876953,,4.716999530792236,
1,1,,0.027469094842672348,,0.08566860854625702,,1.1970659494400024,,0.010002302005887032,,0.17263686656951904,,1.4928427934646606
1,1,0.027469094842672348,,0.08566860854625702,,1.1970659494400024,,0.010002302005887032,,0.17263686656951904,,1.4928427934646606,
2,2,,nan,,nan,,nan,,nan,,0.28482282161712646,,nan
2,2,nan,,nan,,nan,,nan,,0.28482282161712646,,nan,
