epoch,step,train/loss_box_reg_epoch,train/loss_box_reg_step,train/loss_classifier_epoch,train/loss_classifier_step,train/loss_mask_epoch,train/loss_mask_step,train/loss_objectness_epoch,train/loss_objectness_step,train/loss_rpn_box_reg_epoch,train/loss_rpn_box_reg_step,train/total_loss_epoch,train/total_loss_step
0,0,,0.14757023751735687,,0.6930697560310364,,0.9617857933044434,,0.010328125208616257,,0.684350848197937,,2.4971046447753906
0,0,0.14757023751735687,,0.6930697560310364,,0.9617857933044434,,0.010328125208616257,,0.684350848197937,,2.4971046447753906,
1,1,,0.1120510846376419,,0.6931470036506653,,1.0635325908660889,,0.010150706395506859,,0.07452362775802612,,1.9534050226211548
1,1,0.1120510846376419,,0.6931470036506653,,1.0635325908660889,,0.010150706395506859,,0.07452362775802612,,1.9534050226211548,
2,2,,0.0705234482884407,,0.6931470036506653,,1.010841965675354,,0.009982818737626076,,0.0909573957324028,,1.8754526376724243
2,2,0.0705234482884407,,0.6931470036506653,,1.010841965675354,,0.009982818737626076,,0.0909573957324028,,1.8754526376724243,
3,3,,0.13817869126796722,,0.6929011940956116,,0.8100487589836121,,0.009750913828611374,,0.32751625776290894,,1.978395700454712
3,3,0.13817869126796722,,0.6929011940956116,,0.8100487589836121,,0.009750913828611374,,0.32751625776290894,,1.978395700454712,
4,4,,0.08580891788005829,,0.6931979060173035,,0.7116346955299377,,0.010100162588059902,,0.16993947327136993,,1.6706812381744385
