epoch,step,train/loss_box_reg_epoch,train/loss_box_reg_step,train/loss_classifier_epoch,train/loss_classifier_step,train/loss_mask_epoch,train/loss_mask_step,train/loss_objectness_epoch,train/loss_objectness_step,train/loss_rpn_box_reg_epoch,train/loss_rpn_box_reg_step,train/total_loss_epoch,train/total_loss_step
0,0,,0.0777195394039154,,0.6929715871810913,,0.7634773254394531,,0.6534103751182556,,1.5286760330200195,,3.716254949569702
0,0,0.0777195394039154,,0.6929715871810913,,0.7634773254394531,,0.6534103751182556,,1.5286760330200195,,3.716254949569702,
1,1,,0.11260325461626053,,0.6929371356964111,,0.6813610792160034,,0.6444606781005859,,1.2019997835159302,,3.333362102508545
1,1,0.11260325461626053,,0.6929371356964111,,0.6813610792160034,,0.6444606781005859,,1.2019997835159302,,3.333362102508545,
2,2,,0.06792666018009186,,0.6927813291549683,,0.5696204900741577,,0.6442582607269287,,0.8663013577461243,,2.840888023376465
2,2,0.06792666018009186,,0.6927813291549683,,0.5696204900741577,,0.6442582607269287,,0.8663013577461243,,2.840888023376465,
