epoch,step,train_box_loss_epoch,train_box_loss_step,train_center_loss_epoch,train_center_loss_step,train_instance_cls_loss_epoch,train_instance_cls_loss_step,train_mask_loss_epoch,train_mask_loss_step,train_semantic_loss_epoch,train_semantic_loss_step,train_total_loss_epoch,train_total_loss_step
0,0,,197.29934692382812,,0.6003115773200989,,0.683273434638977,,0.7015462517738342,,0.7720492482185364,,200.05653381347656
0,0,197.29934692382812,,0.6003115773200989,,0.683273434638977,,0.7015462517738342,,0.7720492482185364,,200.05653381347656,
1,1,,84.25862121582031,,0.5842905640602112,,0.6963702440261841,,0.7173945903778076,,0.7790620923042297,,87.03573608398438
1,1,84.25862121582031,,0.5842905640602112,,0.6963702440261841,,0.7173945903778076,,0.7790620923042297,,87.03573608398438,
2,2,,93.50947570800781,,0.5764255523681641,,0.6906424760818481,,0.704159677028656,,0.6035429239273071,,96.0842514038086
2,2,93.50947570800781,,0.5764255523681641,,0.6906424760818481,,0.704159677028656,,0.6035429239273071,,96.0842514038086,
